url,lastmod,source,status_code,canonical,etag,content_type,images,alternates
https://partyondelivery.com,2025-10-08T18:50:45.894Z,nextjs_sitemap,,,,,,
https://partyondelivery.com/about,2025-10-08T18:50:45.894Z,nextjs_sitemap,,,,,,
https://partyondelivery.com/contact,2025-10-08T18:50:45.894Z,nextjs_sitemap,,,,,,
https://partyondelivery.com/order,2025-10-08T18:50:45.894Z,nextjs_sitemap,,,,,,
https://partyondelivery.com/products,2025-10-08T18:50:45.894Z,nextjs_sitemap,,,,,,
https://partyondelivery.com/collections,2025-10-08T18:50:45.894Z,nextjs_sitemap,,,,,,
https://partyondelivery.com/blog,2025-10-08T18:50:45.894Z,nextjs_sitemap,,,,,,
https://partyondelivery.com/blogs/news,2025-10-08T18:50:45.894Z,nextjs_sitemap,,,,,,
https://partyondelivery.com/weddings,2025-10-08T18:50:45.894Z,nextjs_sitemap,,,,,,
https://partyondelivery.com/boat-parties,2025-10-08T18:50:45.894Z,nextjs_sitemap,,,,,,
https://partyondelivery.com/bach-parties,2025-10-08T18:50:45.894Z,nextjs_sitemap,,,,,,
https://partyondelivery.com/corporate,2025-10-08T18:50:45.894Z,nextjs_sitemap,,,,,,
https://partyondelivery.com/delivery-areas,2025-10-08T18:50:45.894Z,nextjs_sitemap,,,,,,
https://partyondelivery.com/terms,2025-10-08T18:50:45.894Z,nextjs_sitemap,,,,,,
https://partyondelivery.com/privacy,2025-10-08T18:50:45.894Z,nextjs_sitemap,,,,,,
https://partyondelivery.com/faqs,2025-10-08T18:50:45.894Z,nextjs_sitemap,,,,,,
https://partyondelivery.com/account,2025-10-08T18:50:45.894Z,nextjs_sitemap,,,,,,
https://partyondelivery.com/account/orders,2025-10-08T18:50:45.894Z,nextjs_sitemap,,,,,,
https://partyondelivery.com/delivery/downtown-austin,2025-10-08T18:50:45.894Z,nextjs_sitemap,,,,,,
https://partyondelivery.com/delivery/lake-travis,2025-10-08T18:50:45.894Z,nextjs_sitemap,,,,,,
https://partyondelivery.com/delivery/west-austin,2025-10-08T18:50:45.894Z,nextjs_sitemap,,,,,,
https://partyondelivery.com/delivery/south-austin,2025-10-08T18:50:45.894Z,nextjs_sitemap,,,,,,
https://partyondelivery.com/delivery/east-austin,2025-10-08T18:50:45.894Z,nextjs_sitemap,,,,,,
https://partyondelivery.com/delivery/north-austin,2025-10-08T18:50:45.894Z,nextjs_sitemap,,,,,,
https://partyondelivery.com/blogs/news/corporate-team-building-on-austin-party-houses-alcohol-coordination-for-professional-events,2025-08-12T09:19:25.000Z,nextjs_sitemap,,,,,,
https://partyondelivery.com/blogs/news/bachelorette-party-alcohol-emergency-kit-last-minute-delivery-solutions,2025-08-12T09:19:24.000Z,nextjs_sitemap,,,,,,
https://partyondelivery.com/blogs/news/budget-friendly-bachelorette-party-alcohol-maximum-fun-without-breaking-the-bank,2025-08-12T09:19:23.000Z,nextjs_sitemap,,,,,,
https://partyondelivery.com/blogs/news/instagram-worthy-bachelorette-party-cocktails-recipes-and-delivery-coordination,2025-08-12T09:19:22.000Z,nextjs_sitemap,,,,,,
https://partyondelivery.com/blogs/news/why-choose-integrated-event-services-comparing-austin-party-planning-options,2025-08-12T09:19:21.000Z,nextjs_sitemap,,,,,,
https://partyondelivery.com/blogs/news/integrated-austin-event-services-combining-alcohol-delivery-and-alcohol-delivery-for-perfect-celebrations,2025-08-12T09:19:20.000Z,nextjs_sitemap,,,,,,
https://partyondelivery.com/blogs/news/holiday-celebrations-on-austin-party-houses-seasonal-boat-party-planning-and-coordination,2025-08-12T09:18:52.000Z,nextjs_sitemap,,,,,,
https://partyondelivery.com/blogs/news/austin-party-houses-boat-party-music-sound-systems-and-entertainment-coordination,2025-08-12T09:18:50.000Z,nextjs_sitemap,,,,,,
https://partyondelivery.com/blogs/news/cocktail-kits-vs-individual-bottles-the-smart-bachelorette-party-alcohol-strategy,2025-08-12T09:18:49.000Z,nextjs_sitemap,,,,,,
https://partyondelivery.com/blogs/news/austin-party-houses-party-alcohol-delivery-ultimate-guide-for-large-group-events-20-guests,2025-08-12T09:18:48.000Z,nextjs_sitemap,,,,,,
https://partyondelivery.com/blogs/news/austin-party-houses-boat-party-photography-capturing-perfect-memories-at-your-airbnb-hotel-or-home,2025-08-12T09:18:47.000Z,nextjs_sitemap,,,,,,
https://partyondelivery.com/blogs/news/first-time-austin-party-houses-boat-rental-essential-tips-for-austin-party-planning,2025-08-12T09:18:46.000Z,nextjs_sitemap,,,,,,
https://partyondelivery.com/blogs/news/austin-party-houses-boat-party-entertainment-activities-and-amenities-for-unforgettable-events,2025-08-12T09:18:45.000Z,nextjs_sitemap,,,,,,
https://partyondelivery.com/blogs/news/austin-party-houses-sunset-cruises-romantic-and-celebration-options-for-every-occasion,2025-08-12T09:18:44.000Z,nextjs_sitemap,,,,,,
https://partyondelivery.com/blogs/news/austin-party-houses-boat-party-catering-food-and-beverage-coordination-for-perfect-events,2025-08-12T09:18:43.000Z,nextjs_sitemap,,,,,,
https://partyondelivery.com/blogs/news/austin-party-houses-bachelorette-party-alcohol-laws-what-you-can-and-cant-bring-on-boats,2025-08-12T09:18:19.000Z,nextjs_sitemap,,,,,,
https://partyondelivery.com/blogs/news/austin-party-houses-boat-safety-and-maintenance-quality-standards-for-party-cruises,2025-08-12T09:18:18.000Z,nextjs_sitemap,,,,,,
https://partyondelivery.com/blogs/news/austin-party-houses-boat-party-regulations-legal-requirements-and-compliance-guide,2025-08-12T09:18:16.000Z,nextjs_sitemap,,,,,,
https://partyondelivery.com/blogs/news/austin-party-houses-boat-party-costs-complete-pricing-guide-and-budget-planning,2025-08-12T09:18:15.000Z,nextjs_sitemap,,,,,,
https://partyondelivery.com/blogs/news/austin-party-houses-boat-party-reviews-real-customer-experiences-and-testimonials,2025-08-12T09:18:14.000Z,nextjs_sitemap,,,,,,
https://partyondelivery.com/blogs/news/accessible-austin-party-houses-boat-parties-inclusive-event-planning-for-all-guests,2025-08-12T09:18:13.000Z,nextjs_sitemap,,,,,,
https://partyondelivery.com/blogs/news/austin-party-houses-boat-party-insurance-understanding-coverage-and-liability-for-events,2025-08-12T09:18:12.000Z,nextjs_sitemap,,,,,,
https://partyondelivery.com/blogs/news/creative-austin-party-houses-boat-party-themes-unique-ideas-for-memorable-celebrations,2025-08-12T09:18:11.000Z,nextjs_sitemap,,,,,,
https://partyondelivery.com/blogs/news/austin-party-houses-boat-party-logistics-complete-planning-and-coordination-guide,2025-08-12T09:18:10.000Z,nextjs_sitemap,,,,,,
https://partyondelivery.com/blogs/news/austin-party-houses-boat-party-packages-comprehensive-guide-to-options-and-pricing,2025-08-12T09:17:29.000Z,nextjs_sitemap,,,,,,
https://partyondelivery.com/blogs/news/austin-party-houses-weather-planning-seasonal-considerations-for-perfect-boat-parties,2025-08-12T09:17:28.000Z,nextjs_sitemap,,,,,,
https://partyondelivery.com/blogs/news/austin-party-houses-boat-safety-essential-guidelines-for-safe-party-cruises,2025-08-12T09:17:27.000Z,nextjs_sitemap,,,,,,
https://partyondelivery.com/blogs/news/birthday-party-alcohol-delivery-on-austin-party-houses-milestone-celebrations-with-a-view,2025-08-12T09:17:26.000Z,nextjs_sitemap,,,,,,
https://partyondelivery.com/blogs/news/austin-bachelorette-weekend-alcohol-timeline-day-by-day-drinking-strategy-for-multi-day-celebrations,2025-08-12T09:17:24.000Z,nextjs_sitemap,,,,,,
https://partyondelivery.com/blogs/news/austin-party-houses-wedding-alcohol-delivery-unique-venues-for-austin-celebrations,2025-08-12T09:17:23.000Z,nextjs_sitemap,,,,,,
https://partyondelivery.com/blogs/news/corporate-team-building-on-austin-party-houses-professional-boat-rental-solutions,2025-08-12T09:17:22.000Z,nextjs_sitemap,,,,,,
https://partyondelivery.com/blogs/news/austin-bachelorette-party-supply-deliverys-austin-party-houses-adventures-for-unforgettable-celebrations,2025-08-12T09:17:21.000Z,nextjs_sitemap,,,,,,
https://partyondelivery.com/blogs/news/austin-party-houses-bachelor-party-alcohol-delivery-the-ultimate-guide-to-epic-celebrations,2025-08-12T09:17:20.000Z,nextjs_sitemap,,,,,,
https://partyondelivery.com/blogs/news/party-alcohol-safety-in-austin-responsible-service-and-guest-well-being,2025-08-12T09:17:03.000Z,nextjs_sitemap,,,,,,
https://partyondelivery.com/blogs/news/austin-party-venue-alcohol-delivery-navigating-policies-and-logistics,2025-08-12T09:17:01.000Z,nextjs_sitemap,,,,,,
https://partyondelivery.com/blogs/news/holiday-party-alcohol-themes-new-year-s-fourth-of-july-and-austin-celebrations,2025-08-12T09:17:00.000Z,nextjs_sitemap,,,,,,
https://partyondelivery.com/blogs/news/graduation-party-alcohol-planning-ut-and-austin-college-celebrations,2025-08-12T09:16:59.000Z,nextjs_sitemap,,,,,,
https://partyondelivery.com/blogs/news/pool-party-alcohol-coordination-summer-event-planning-in-austin-heat,2025-08-12T09:16:58.000Z,nextjs_sitemap,,,,,,
https://partyondelivery.com/blogs/news/birthday-party-alcohol-delivery-austin-milestone-celebrations-made-easy,2025-08-12T09:16:57.000Z,nextjs_sitemap,,,,,,
https://partyondelivery.com/blogs/news/austin-party-houses-bachelor-party-alcohol-delivery-complete-coordination-guide-for-boat-parties,2025-08-12T09:16:56.000Z,nextjs_sitemap,,,,,,
https://partyondelivery.com/blogs/news/wedding-anniversary-celebration-ideas-recreating-your-special-day-with-boat-and-alcohol-packages,2025-08-12T09:16:55.000Z,nextjs_sitemap,,,,,,
https://partyondelivery.com/blogs/news/outdoor-wedding-alcohol-logistics-hill-country-and-austin-party-houses-coordination,2025-08-12T09:16:54.000Z,nextjs_sitemap,,,,,,
https://partyondelivery.com/blogs/news/austin-wedding-venue-alcohol-policies-delivery-solutions-for-every-location,2025-08-12T09:16:15.000Z,nextjs_sitemap,,,,,,
https://partyondelivery.com/blogs/news/wedding-party-alcohol-coordination-getting-ready-bachelor-bachelorette-and-reception,2025-08-12T09:16:14.000Z,nextjs_sitemap,,,,,,
https://partyondelivery.com/blogs/news/rehearsal-dinner-boat-alcohol-delivery-unique-wedding-weekend-experiences,2025-08-12T09:16:13.000Z,nextjs_sitemap,,,,,,
https://partyondelivery.com/blogs/news/conference-after-party-alcohol-coordination-sxsw-acl-and-austin-event-integration,2025-08-12T09:16:12.000Z,nextjs_sitemap,,,,,,
https://partyondelivery.com/blogs/news/startup-celebration-alcohol-packages-funding-rounds-launches-and-milestone-events,2025-08-12T09:16:11.000Z,nextjs_sitemap,,,,,,
https://partyondelivery.com/blogs/news/holiday-office-party-alcohol-delivery-stress-free-corporate-celebration-planning,2025-08-12T09:16:10.000Z,nextjs_sitemap,,,,,,
https://partyondelivery.com/blogs/news/executive-retreat-alcohol-planning-balancing-professionalism-and-team-bonding,2025-08-12T09:16:09.000Z,nextjs_sitemap,,,,,,
https://partyondelivery.com/blogs/news/client-entertainment-alcohol-strategy-impressing-without-overdoing-it,2025-08-12T09:16:08.000Z,nextjs_sitemap,,,,,,
https://partyondelivery.com/blogs/news/the-ultimate-austin-bachelorette-party-alcohol-guide-what-to-order-when-to-order-and-how-much-you-actually-need,2025-08-12T09:16:06.000Z,nextjs_sitemap,,,,,,
https://partyondelivery.com/blogs/news/austin-bachelorette-parties-best-ways-to-spend-a-weekend-in-austin,2024-12-11T15:52:30.000Z,nextjs_sitemap,,,,,,
https://partyondelivery.com/blogs/news/party-on-delivery-well-bring-the-party-to-you-drinks-and-all,2023-09-19T18:36:17.000Z,nextjs_sitemap,,,,,,
https://partyondelivery.com/blogs/news/tips-for-ordering-liquor,2023-07-10T19:17:26.000Z,nextjs_sitemap,,,,,,
https://partyondelivery.com/blogs/news/the-future-of-liquor-delivery-in-austin-texas,2023-07-10T19:11:27.000Z,nextjs_sitemap,,,,,,
https://partyondelivery.com/blogs/news/texas-liquor-delivery-history-where-it-all-started,2023-07-10T19:05:26.000Z,nextjs_sitemap,,,,,,
https://partyondelivery.com/blogs/news/trending-party-supplies-for-2023,2023-05-17T20:28:44.000Z,nextjs_sitemap,,,,,,
https://partyondelivery.com/blogs/news/planning-a-party-cruise-with-partyon-deliver-items,2023-05-17T17:48:50.000Z,nextjs_sitemap,,,,,,
https://partyondelivery.com/blogs/news/partyondeliver-x-premier-party-cruises-stress-free-party,2023-05-17T16:52:25.000Z,nextjs_sitemap,,,,,,
https://partyondelivery.com/blogs/news/paryon-delivery-alcohol-delivery-service-for-any-occasion,2023-05-16T20:43:41.000Z,nextjs_sitemap,,,,,,
https://partyondelivery.com/blogs/news/custom-liquor-boxes-for-delivery-in-austin,2023-05-16T20:41:05.000Z,nextjs_sitemap,,,,,,
https://partyondelivery.com/blogs/news/partyon-delivery-alcohol-delivery-services-in-austin-texas,2023-05-16T20:40:55.000Z,nextjs_sitemap,,,,,,
https://partyondelivery.com/blog/category/event-planning,2025-10-08T18:50:45.894Z,nextjs_sitemap,,,,,,
https://partyondelivery.com/blog/category/cocktail-recipes,2025-10-08T18:50:45.894Z,nextjs_sitemap,,,,,,
https://partyondelivery.com/blog/category/local-guides,2025-10-08T18:50:45.894Z,nextjs_sitemap,,,,,,
https://partyondelivery.com/blog/category/business-tips,2025-10-08T18:50:45.894Z,nextjs_sitemap,,,,,,
https://partyondelivery.com/,,crawl,200.0,https://partyondelivery.com,"W/""df4e324e724a165b98b905f32968b81c""",text/html; charset=utf-8,"['https://partyondelivery.com/images/hero/lake-travis-sunset.webp', 'https://partyondelivery.com/images/POD Logo 2025.svg', 'https://partyondelivery.com/_next/image?url=%2Fimages%2Fhero%2Faustin-skyline-hero.webp&w=3840&q=75', 'https://partyondelivery.com/_next/image?url=%2Fimages%2Fexperience%2Fcurated-spirits-display.webp&w=3840&q=75', 'https://partyondelivery.com/_next/image?url=%2Fimages%2Fexperience%2Fdelivery-driver-premium.webp&w=3840&q=75', 'https://partyondelivery.com/_next/image?url=%2Fimages%2Fexperience%2Ffive-star-service.webp&w=3840&q=75', 'https://partyondelivery.com/_next/image?url=%2Fimages%2Fexperience%2Fpremium-guarantee.webp&w=3840&q=75', 'https://partyondelivery.com/_next/image?url=%2Fimages%2Fservices%2Fweddings%2Foutdoor-bar-setup.webp&w=3840&q=75', 'https://partyondelivery.com/_next/image?url=%2Fimages%2Fservices%2Fboat-parties%2Fluxury-yacht-deck.webp&w=3840&q=75', 'https://partyondelivery.com/_next/image?url=%2Fimages%2Fservices%2Fcorporate%2Fpenthouse-suite-setup.webp&w=3840&q=75', 'https://partyondelivery.com/images/POD Logo 2025.svg']",[]
https://partyondelivery.com/book-now,,crawl,200.0,https://partyondelivery.com,"W/""dd563cf6997c8dfae6f4eb9ff9e5577c""",text/html; charset=utf-8,"['https://partyondelivery.com/images/hero/lake-travis-sunset.webp', 'https://partyondelivery.com/images/POD Logo 2025.svg', 'https://partyondelivery.com/images/POD Logo 2025.svg']",[]
https://partyondelivery.com/safety,"Wed, 08 Oct 2025 18:56:06 GMT",crawl,404.0,,"W/""631c23e5651c740c516ec7ade58dba0c""",text/html; charset=utf-8,[],[]
https://partyondelivery.com/weather,"Wed, 08 Oct 2025 18:56:06 GMT",crawl,404.0,,"W/""631c23e5651c740c516ec7ade58dba0c""",text/html; charset=utf-8,[],[]
https://partyondelivery.com/boat-parties/products,,crawl,200.0,https://partyondelivery.com/boat-parties,"W/""873599fa28399f3cffa1c03a9e11a19f""",text/html; charset=utf-8,"['https://partyondelivery.com/images/boat-parties/lake-travis-yacht.webp', 'https://partyondelivery.com/images/POD Logo 2025.svg', 'https://partyondelivery.com/_next/image?url=%2Fimages%2Fservices%2Fboat-parties%2Fyacht-bar-setup.webp&w=3840&q=75', 'https://partyondelivery.com/_next/image?url=%2Fimages%2Fproducts%2Fbeer-corona.webp&w=3840&q=75', 'https://partyondelivery.com/_next/image?url=%2Fimages%2Fproducts%2Fseltzer-whiteclaw.webp&w=3840&q=75', 'https://partyondelivery.com/_next/image?url=%2Fimages%2Fproducts%2Fwine-rose.webp&w=3840&q=75', 'https://partyondelivery.com/_next/image?url=%2Fimages%2Fproducts%2Franch-water.webp&w=3840&q=75', 'https://partyondelivery.com/_next/image?url=%2Fimages%2Fproducts%2Fchampagne-dom.webp&w=3840&q=75', 'https://partyondelivery.com/_next/image?url=%2Fimages%2Fproducts%2Fvodka-belvedere.webp&w=3840&q=75', 'https://partyondelivery.com/_next/image?url=%2Fimages%2Fproducts%2Ftequila-clase-azul.webp&w=3840&q=75', 'https://partyondelivery.com/_next/image?url=%2Fimages%2Fproducts%2Fwhiskey-blue-label.webp&w=3840&q=75']",[]
https://partyondelivery.com/captains,"Wed, 08 Oct 2025 18:56:06 GMT",crawl,404.0,,"W/""631c23e5651c740c516ec7ade58dba0c""",text/html; charset=utf-8,[],[]
https://partyondelivery.com/collections/wine-collection,,crawl,200.0,https://partyondelivery.com,,text/html; charset=utf-8,"['https://partyondelivery.com/images/hero/lake-travis-sunset.webp', 'https://partyondelivery.com/images/POD Logo 2025.svg']",[]
https://partyondelivery.com/collections/premium-spirits,,crawl,200.0,https://partyondelivery.com,,text/html; charset=utf-8,"['https://partyondelivery.com/images/hero/lake-travis-sunset.webp', 'https://partyondelivery.com/images/POD Logo 2025.svg']",[]
https://partyondelivery.com/collections/party-packages,,crawl,200.0,https://partyondelivery.com,,text/html; charset=utf-8,"['https://partyondelivery.com/images/hero/lake-travis-sunset.webp', 'https://partyondelivery.com/images/POD Logo 2025.svg']",[]
https://partyondelivery.com/collections/craft-beer,,crawl,200.0,https://partyondelivery.com,,text/html; charset=utf-8,"['https://partyondelivery.com/images/hero/lake-travis-sunset.webp', 'https://partyondelivery.com/images/POD Logo 2025.svg']",[]
https://partyondelivery.com/collections/mixers-garnishes,,crawl,200.0,https://partyondelivery.com,,text/html; charset=utf-8,"['https://partyondelivery.com/images/hero/lake-travis-sunset.webp', 'https://partyondelivery.com/images/POD Logo 2025.svg']",[]
https://partyondelivery.com/collections/wedding-packages,,crawl,200.0,https://partyondelivery.com,,text/html; charset=utf-8,"['https://partyondelivery.com/images/hero/lake-travis-sunset.webp', 'https://partyondelivery.com/images/POD Logo 2025.svg']",[]
https://partyondelivery.com/weddings/products,,crawl,200.0,https://partyondelivery.com/weddings,"W/""a31c8dcdbfc05ff344aa0b0c46295389""",text/html; charset=utf-8,"['https://partyondelivery.com/images/weddings/elegant-wedding-bar.webp', 'https://partyondelivery.com/images/POD Logo 2025.svg', 'https://partyondelivery.com/_next/image?url=%2Fimages%2Fservices%2Fweddings%2Foutdoor-bar-setup.webp&w=3840&q=75', 'https://partyondelivery.com/_next/image?url=%2Fimages%2Fproducts%2Fchampagne-moet.webp&w=3840&q=75', 'https://partyondelivery.com/_next/image?url=%2Fimages%2Fproducts%2Fchampagne-veuve.webp&w=3840&q=75', 'https://partyondelivery.com/_next/image?url=%2Fimages%2Fproducts%2Fwine-red-premium.webp&w=3840&q=75', 'https://partyondelivery.com/_next/image?url=%2Fimages%2Fproducts%2Fwine-white-premium.webp&w=3840&q=75', 'https://partyondelivery.com/_next/image?url=%2Fimages%2Fproducts%2Fvodka-premium.webp&w=3840&q=75', 'https://partyondelivery.com/_next/image?url=%2Fimages%2Fproducts%2Fgin-premium.webp&w=3840&q=75', 'https://partyondelivery.com/_next/image?url=%2Fimages%2Fproducts%2Ftequila-patron.webp&w=3840&q=75', 'https://partyondelivery.com/_next/image?url=%2Fimages%2Fproducts%2Fwhiskey-macallan.webp&w=3840&q=75']",[]
https://partyondelivery.com/products?filter=wine,,crawl,200.0,https://partyondelivery.com/products,"W/""92acc1f33e8fc17f52229e32f256b1ea""",text/html; charset=utf-8,"['https://partyondelivery.com/images/products/premium-spirits-wall.webp', 'https://partyondelivery.com/images/POD Logo 2025.svg']",[]
https://partyondelivery.com/corporate/products,,crawl,200.0,https://partyondelivery.com,"W/""45c186c6b51d7b602df645be450e2e89""",text/html; charset=utf-8,"['https://partyondelivery.com/images/hero/lake-travis-sunset.webp', 'https://partyondelivery.com/images/POD Logo 2025.svg', 'https://partyondelivery.com/_next/image?url=%2Fimages%2Fservices%2Fcorporate%2Fexecutive-bar.webp&w=3840&q=75', 'https://partyondelivery.com/_next/image?url=%2Fimages%2Fproducts%2Fwhiskey-executive.webp&w=3840&q=75', 'https://partyondelivery.com/_next/image?url=%2Fimages%2Fproducts%2Fcognac-hennessy.webp&w=3840&q=75', 'https://partyondelivery.com/_next/image?url=%2Fimages%2Fproducts%2Fwine-opus-one.webp&w=3840&q=75', 'https://partyondelivery.com/_next/image?url=%2Fimages%2Fproducts%2Fchampagne-krug.webp&w=3840&q=75', 'https://partyondelivery.com/_next/image?url=%2Fimages%2Fproducts%2Fbeer-local-craft.webp&w=3840&q=75', 'https://partyondelivery.com/_next/image?url=%2Fimages%2Fproducts%2Fcocktail-kit.webp&w=3840&q=75', 'https://partyondelivery.com/_next/image?url=%2Fimages%2Fproducts%2Fwine-cheese.webp&w=3840&q=75', 'https://partyondelivery.com/_next/image?url=%2Fimages%2Fproducts%2Fnon-alcoholic.webp&w=3840&q=75']",[]
https://partyondelivery.com/products?filter=packages,,crawl,200.0,https://partyondelivery.com/products,"W/""92acc1f33e8fc17f52229e32f256b1ea""",text/html; charset=utf-8,"['https://partyondelivery.com/images/products/premium-spirits-wall.webp', 'https://partyondelivery.com/images/POD Logo 2025.svg']",[]
https://partyondelivery.com/products?filter=spirits,,crawl,200.0,https://partyondelivery.com/products,"W/""92acc1f33e8fc17f52229e32f256b1ea""",text/html; charset=utf-8,"['https://partyondelivery.com/images/products/premium-spirits-wall.webp', 'https://partyondelivery.com/images/POD Logo 2025.svg']",[]
https://partyondelivery.com/bach-parties/products,,crawl,200.0,https://partyondelivery.com,"W/""399de7d003296b14c9ec28edb4131c6f""",text/html; charset=utf-8,"['https://partyondelivery.com/images/hero/lake-travis-sunset.webp', 'https://partyondelivery.com/images/POD Logo 2025.svg', 'https://partyondelivery.com/_next/image?url=%2Fimages%2Fservices%2Fbach-parties%2Fparty-setup.webp&w=3840&q=75', 'https://partyondelivery.com/_next/image?url=%2Fimages%2Fproducts%2Fchampagne-rose.webp&w=3840&q=75', 'https://partyondelivery.com/_next/image?url=%2Fimages%2Fproducts%2Faperol-kit.webp&w=3840&q=75', 'https://partyondelivery.com/_next/image?url=%2Fimages%2Fproducts%2Fwine-variety.webp&w=3840&q=75', 'https://partyondelivery.com/_next/image?url=%2Fimages%2Fproducts%2Fpink-whitney.webp&w=3840&q=75', 'https://partyondelivery.com/_next/image?url=%2Fimages%2Fproducts%2Fwhiskey-flight.webp&w=3840&q=75', 'https://partyondelivery.com/_next/image?url=%2Fimages%2Fproducts%2Fbeer-craft.webp&w=3840&q=75', 'https://partyondelivery.com/_next/image?url=%2Fimages%2Fproducts%2Ftequila-mezcal.webp&w=3840&q=75', 'https://partyondelivery.com/_next/image?url=%2Fimages%2Fproducts%2Fbourbon-collection.webp&w=3840&q=75']",[]
https://partyondelivery.com/fast-delivery,,crawl,200.0,https://partyondelivery.com,"W/""b970425efe4839133e677f58f61a44cf""",text/html; charset=utf-8,"['https://partyondelivery.com/images/hero/lake-travis-sunset.webp', 'https://partyondelivery.com/images/POD Logo 2025.svg', 'https://partyondelivery.com/_next/image?url=%2Fimages%2Fservices%2Ffast-delivery%2Fmotion-blur-delivery.webp&w=3840&q=75', 'https://partyondelivery.com/images/services/fast-delivery/speed-focused-delivery.webp', 'https://partyondelivery.com/_next/image?url=%2Fimages%2Fservices%2Ffast-delivery%2Fmotion-blur-delivery.webp&w=3840&q=75', 'https://partyondelivery.com/_next/image?url=%2Fimages%2Fproducts%2Fdelivery-bag-contents.webp&w=3840&q=75', 'https://partyondelivery.com/_next/image?url=%2Fimages%2Fservices%2Ffast-delivery%2Fspeed-focused-delivery.webp&w=3840&q=75', 'https://partyondelivery.com/images/services/fast-delivery/motion-blur-delivery.webp', 'https://partyondelivery.com/images/POD Logo 2025.svg']",[]
https://partyondelivery.com/careers,,crawl,200.0,https://partyondelivery.com,"W/""f630f386360c4a07782b08d60fdb3596""",text/html; charset=utf-8,"['https://partyondelivery.com/images/hero/lake-travis-sunset.webp', 'https://partyondelivery.com/images/POD Logo 2025.svg', 'https://partyondelivery.com/_next/image?url=%2Fimages%2Fhero%2Ffestival-hero.webp&w=3840&q=90', 'https://partyondelivery.com/images/POD Logo 2025.svg']",[]
https://partyondelivery.com/areas/east-austin,,crawl,200.0,https://partyondelivery.com,"W/""1ca41b68300ef335f4f9e9396d65b78e""",text/html; charset=utf-8,"['https://partyondelivery.com/images/hero/lake-travis-sunset.webp', 'https://partyondelivery.com/images/POD Logo 2025.svg', 'https://partyondelivery.com/_next/image?url=%2Fimages%2Fhero%2Faustin-skyline-hero.webp&w=3840&q=90', 'https://partyondelivery.com/images/POD Logo 2025.svg']",[]
https://partyondelivery.com/tabc,,crawl,200.0,https://partyondelivery.com,"W/""543c32f2c237dcedfbd25374edfc81ea""",text/html; charset=utf-8,"['https://partyondelivery.com/images/hero/lake-travis-sunset.webp', 'https://partyondelivery.com/images/POD Logo 2025.svg', 'https://partyondelivery.com/_next/image?url=%2Fimages%2Fhero%2Faustin-skyline-hero.webp&w=3840&q=90', 'https://partyondelivery.com/images/POD Logo 2025.svg']",[]
https://partyondelivery.com/team,,crawl,200.0,https://partyondelivery.com,"W/""572101fa1ebb75ea0da52d8ba51a005a""",text/html; charset=utf-8,"['https://partyondelivery.com/images/hero/lake-travis-sunset.webp', 'https://partyondelivery.com/images/POD Logo 2025.svg', 'https://partyondelivery.com/_next/image?url=%2Fimages%2Fhero%2Faustin-skyline-golden-hour.webp&w=3840&q=90', 'https://partyondelivery.com/_next/image?url=%2Fimages%2Fai-assistant%2Fbiff-bartender-cowboy.webp&w=3840&q=75', 'https://partyondelivery.com/images/POD Logo 2025.svg']",[]
https://partyondelivery.com/areas/downtown,,crawl,200.0,https://partyondelivery.com,"W/""8ba20f5006d98318f742e5a3b389f90c""",text/html; charset=utf-8,"['https://partyondelivery.com/images/hero/lake-travis-sunset.webp', 'https://partyondelivery.com/images/POD Logo 2025.svg', 'https://partyondelivery.com/_next/image?url=%2Fimages%2Fhero%2Faustin-skyline-hero.webp&w=3840&q=90', 'https://partyondelivery.com/images/POD Logo 2025.svg']",[]
https://partyondelivery.com/press,,crawl,200.0,https://partyondelivery.com,"W/""d1d2f441425ba143781e337d94c8cb4b""",text/html; charset=utf-8,"['https://partyondelivery.com/images/hero/lake-travis-sunset.webp', 'https://partyondelivery.com/images/POD Logo 2025.svg', 'https://partyondelivery.com/_next/image?url=%2Fimages%2Fhero%2Faustin-skyline-hero.webp&w=3840&q=90', 'https://partyondelivery.com/images/POD Logo 2025.svg']",[]
https://partyondelivery.com/areas/lake-travis,,crawl,200.0,https://partyondelivery.com,"W/""aa055f6e3b5a4a3eeadfc583c7a38045""",text/html; charset=utf-8,"['https://partyondelivery.com/images/hero/lake-travis-sunset.webp', 'https://partyondelivery.com/images/POD Logo 2025.svg', 'https://partyondelivery.com/_next/image?url=%2Fimages%2Fhero%2Flake-travis-party.webp&w=3840&q=90', 'https://partyondelivery.com/images/POD Logo 2025.svg']",[]
https://partyondelivery.com/areas/south-congress,,crawl,200.0,https://partyondelivery.com,"W/""b5cc7bdae1181236ab59c3f6982dda20""",text/html; charset=utf-8,"['https://partyondelivery.com/images/hero/lake-travis-sunset.webp', 'https://partyondelivery.com/images/POD Logo 2025.svg', 'https://partyondelivery.com/_next/image?url=%2Fimages%2Fhero%2Faustin-skyline-golden-hour.webp&w=3840&q=90', 'https://partyondelivery.com/images/POD Logo 2025.svg']",[]
https://partyondelivery.com/blog/category/event-ideas,,crawl,200.0,https://partyondelivery.com,,text/html; charset=utf-8,"['https://partyondelivery.com/images/hero/lake-travis-sunset.webp', 'https://partyondelivery.com/images/POD Logo 2025.svg', 'https://partyondelivery.com/_next/image?url=%2Fimages%2Fhero%2Flake-travis-yacht-sunset.webp&w=3840&q=75', 'https://partyondelivery.com/_next/image?url=%2Fimages%2Fgallery%2Fsunset-champagne-pontoon.webp&w=3840&q=75']",[]
https://partyondelivery.com/blog/corporate-event-bar-service-tips,,crawl,200.0,https://partyondelivery.com,,text/html; charset=utf-8,"['https://partyondelivery.com/images/hero/lake-travis-sunset.webp', 'https://partyondelivery.com/images/POD Logo 2025.svg', 'https://partyondelivery.com/_next/image?url=%2Fimages%2Fbackgrounds%2Frooftop-terrace-elegant-1.webp&w=3840&q=75', 'https://partyondelivery.com/_next/image?url=%2Fimages%2Fservices%2Fweddings%2Fsignature-cocktails-closeup.webp&w=3840&q=75', 'https://partyondelivery.com/_next/image?url=%2Fimages%2Fbackgrounds%2Flake-travis-wedding-venue.webp&w=3840&q=75', 'https://partyondelivery.com/_next/image?url=%2Fimages%2Fservices%2Fbach-parties%2Fbachelorette-champagne-tower.webp&w=3840&q=75']",[]
https://partyondelivery.com/blog/ultimate-guide-austin-boat-parties,,crawl,200.0,https://partyondelivery.com,,text/html; charset=utf-8,"['https://partyondelivery.com/images/hero/lake-travis-sunset.webp', 'https://partyondelivery.com/images/POD Logo 2025.svg', 'https://partyondelivery.com/_next/image?url=%2Fimages%2Fhero%2Flake-travis-yacht-sunset.webp&w=3840&q=75', 'https://partyondelivery.com/_next/image?url=%2Fimages%2Fbackgrounds%2Frooftop-terrace-elegant-1.webp&w=3840&q=75', 'https://partyondelivery.com/_next/image?url=%2Fimages%2Fbackgrounds%2Flake-travis-wedding-venue.webp&w=3840&q=75', 'https://partyondelivery.com/_next/image?url=%2Fimages%2Fhero%2Faustin-skyline-golden-hour.webp&w=3840&q=75']",[]
https://partyondelivery.com/blog/signature-wedding-cocktails-texas-heat,,crawl,200.0,https://partyondelivery.com,,text/html; charset=utf-8,"['https://partyondelivery.com/images/hero/lake-travis-sunset.webp', 'https://partyondelivery.com/images/POD Logo 2025.svg', 'https://partyondelivery.com/_next/image?url=%2Fimages%2Fservices%2Fweddings%2Fsignature-cocktails-closeup.webp&w=3840&q=75', 'https://partyondelivery.com/_next/image?url=%2Fimages%2Fbackgrounds%2Frooftop-terrace-elegant-1.webp&w=3840&q=75', 'https://partyondelivery.com/_next/image?url=%2Fimages%2Fbackgrounds%2Flake-travis-wedding-venue.webp&w=3840&q=75', 'https://partyondelivery.com/_next/image?url=%2Fimages%2Fhero%2Faustin-skyline-golden-hour.webp&w=3840&q=75']",[]
https://partyondelivery.com/boat-parties/packages/luxury,,crawl,200.0,https://partyondelivery.com/boat-parties,,text/html; charset=utf-8,"['https://partyondelivery.com/images/boat-parties/lake-travis-yacht.webp', 'https://partyondelivery.com/images/POD Logo 2025.svg']",[]
https://partyondelivery.com/weddings/packages/classic,,crawl,200.0,https://partyondelivery.com/weddings,,text/html; charset=utf-8,"['https://partyondelivery.com/images/weddings/elegant-wedding-bar.webp', 'https://partyondelivery.com/images/POD Logo 2025.svg']",[]
https://partyondelivery.com/discount/PARTYON?rs_ref=sgvaW4IM,"Wed, 08 Oct 2025 18:56:06 GMT",crawl,404.0,,"W/""631c23e5651c740c516ec7ade58dba0c""",text/html; charset=utf-8,[],[]
https://partyondelivery.com/partners,,crawl,200.0,https://partyondelivery.com,"W/""bcddcbf45c6e4ed0437b562aadd3842e""",text/html; charset=utf-8,"['https://partyondelivery.com/images/hero/lake-travis-sunset.webp', 'https://partyondelivery.com/images/POD Logo 2025.svg', 'https://partyondelivery.com/_next/image?url=%2Fimages%2Fgallery%2Fheadquarters-entrance.webp&w=3840&q=75', 'https://partyondelivery.com/_next/image?url=%2Fimages%2Fpartners%2Fhotel-partner.webp&w=3840&q=75', 'https://partyondelivery.com/_next/image?url=%2Fimages%2Fhero%2Fluxury-home-interior.webp&w=3840&q=75', 'https://partyondelivery.com/_next/image?url=%2Fimages%2Ftextures%2Fmarble-surface.webp&w=3840&q=75', 'https://partyondelivery.com/_next/image?url=%2Fimages%2Fpartners%2Fvenue-partner.webp&w=3840&q=75', 'https://partyondelivery.com/_next/image?url=%2Fimages%2Fpartners%2Frestaurant-partner.webp&w=3840&q=75', 'https://partyondelivery.com/_next/image?url=%2Fimages%2Fpartners%2Fcorporate-partner.webp&w=3840&q=75', 'https://partyondelivery.com/_next/image?url=%2Fimages%2Ftextures%2Fgold-liquid-abstract.webp&w=3840&q=75', 'https://partyondelivery.com/_next/image?url=%2Fimages%2Fgallery%2Fai-recommended-setup.webp&w=3840&q=75']",[]
https://partyondelivery.com/bach-parties/packages/ultimate,,crawl,200.0,https://partyondelivery.com,,text/html; charset=utf-8,"['https://partyondelivery.com/images/hero/lake-travis-sunset.webp', 'https://partyondelivery.com/images/POD Logo 2025.svg']",[]
https://partyondelivery.com/order-now?tier=party,,crawl,200.0,https://partyondelivery.com/products,"W/""92acc1f33e8fc17f52229e32f256b1ea""",text/html; charset=utf-8,"['https://partyondelivery.com/images/products/premium-spirits-wall.webp', 'https://partyondelivery.com/images/POD Logo 2025.svg']",[]
https://partyondelivery.com/order-now?tier=premium,,crawl,200.0,https://partyondelivery.com/products,"W/""92acc1f33e8fc17f52229e32f256b1ea""",text/html; charset=utf-8,"['https://partyondelivery.com/images/products/premium-spirits-wall.webp', 'https://partyondelivery.com/images/POD Logo 2025.svg']",[]
https://partyondelivery.com/order-now,,crawl,200.0,https://partyondelivery.com/products,"W/""92acc1f33e8fc17f52229e32f256b1ea""",text/html; charset=utf-8,"['https://partyondelivery.com/images/products/premium-spirits-wall.webp', 'https://partyondelivery.com/images/POD Logo 2025.svg']",[]
https://partyondelivery.com/download-app,"Wed, 08 Oct 2025 18:56:06 GMT",crawl,404.0,,"W/""631c23e5651c740c516ec7ade58dba0c""",text/html; charset=utf-8,[],[]
https://partyondelivery.com/blog/bachelor-party-ideas-austin-2024,,crawl,200.0,https://partyondelivery.com,,text/html; charset=utf-8,"['https://partyondelivery.com/images/hero/lake-travis-sunset.webp', 'https://partyondelivery.com/images/POD Logo 2025.svg', 'https://partyondelivery.com/_next/image?url=%2Fimages%2Fgallery%2Fsunset-champagne-pontoon.webp&w=3840&q=75', 'https://partyondelivery.com/_next/image?url=%2Fimages%2Fservices%2Fweddings%2Fsignature-cocktails-closeup.webp&w=3840&q=75', 'https://partyondelivery.com/_next/image?url=%2Fimages%2Fhero%2Faustin-skyline-golden-hour.webp&w=3840&q=75', 'https://partyondelivery.com/_next/image?url=%2Fimages%2Fhero%2Flake-life-hero.webp&w=3840&q=75']",[]
https://partyondelivery.com/blog/maid-of-honor-bachelorette-bar-stress,,crawl,200.0,https://partyondelivery.com,,text/html; charset=utf-8,"['https://partyondelivery.com/images/hero/lake-travis-sunset.webp', 'https://partyondelivery.com/images/POD Logo 2025.svg', 'https://partyondelivery.com/_next/image?url=%2Fimages%2Fservices%2Fbach-parties%2Fbachelorette-champagne-tower.webp&w=3840&q=75', 'https://partyondelivery.com/_next/image?url=%2Fimages%2Fhero%2Flake-travis-yacht-sunset.webp&w=3840&q=75', 'https://partyondelivery.com/_next/image?url=%2Fimages%2Fbackgrounds%2Flake-travis-wedding-venue.webp&w=3840&q=75']",[]
https://partyondelivery.com/blog/the-night-we-saved-wedding-laguna-gloria,,crawl,200.0,https://partyondelivery.com,,text/html; charset=utf-8,"['https://partyondelivery.com/images/hero/lake-travis-sunset.webp', 'https://partyondelivery.com/images/POD Logo 2025.svg', 'https://partyondelivery.com/_next/image?url=%2Fimages%2Fbackgrounds%2Flake-travis-wedding-venue.webp&w=3840&q=75', 'https://partyondelivery.com/_next/image?url=%2Fimages%2Fhero%2Flake-travis-yacht-sunset.webp&w=3840&q=75', 'https://partyondelivery.com/_next/image?url=%2Fimages%2Fbackgrounds%2Frooftop-terrace-elegant-1.webp&w=3840&q=75', 'https://partyondelivery.com/_next/image?url=%2Fimages%2Fhero%2Faustin-skyline-golden-hour.webp&w=3840&q=75']",[]
https://partyondelivery.com/blog/rainey-street-ranch-weddings-cocktail-culture,,crawl,200.0,https://partyondelivery.com,,text/html; charset=utf-8,"['https://partyondelivery.com/images/hero/lake-travis-sunset.webp', 'https://partyondelivery.com/images/POD Logo 2025.svg', 'https://partyondelivery.com/_next/image?url=%2Fimages%2Fhero%2Faustin-skyline-golden-hour.webp&w=3840&q=75', 'https://partyondelivery.com/_next/image?url=%2Fimages%2Fgallery%2Fsunset-champagne-pontoon.webp&w=3840&q=75', 'https://partyondelivery.com/_next/image?url=%2Fimages%2Fbackgrounds%2Frooftop-terrace-elegant-1.webp&w=3840&q=75', 'https://partyondelivery.com/_next/image?url=%2Fimages%2Fbackgrounds%2Flake-travis-wedding-venue.webp&w=3840&q=75']",[]
https://partyondelivery.com/partners/hotels-resorts,,crawl,200.0,https://partyondelivery.com,"W/""b643a05f29b3bdd6c0bb246d0657439f""",text/html; charset=utf-8,"['https://partyondelivery.com/images/hero/lake-travis-sunset.webp', 'https://partyondelivery.com/images/POD Logo 2025.svg', 'https://partyondelivery.com/_next/image?url=%2Fimages%2Fbackgrounds%2Frooftop-terrace-elegant-1.webp&w=3840&q=75', 'https://partyondelivery.com/_next/image?url=%2Fimages%2Fgallery%2Fsunset-champagne-pontoon.webp&w=3840&q=75', 'https://partyondelivery.com/images/POD Logo 2025.svg']",[]
https://partyondelivery.com/partners/property-management,,crawl,200.0,https://partyondelivery.com,"W/""7d78a0e93f2cbc78c0de0c6bccc7085f""",text/html; charset=utf-8,"['https://partyondelivery.com/images/hero/lake-travis-sunset.webp', 'https://partyondelivery.com/_next/image?url=%2Fimages%2Fhero%2Fluxury-apartment-building.webp&w=3840&q=75', 'https://partyondelivery.com/_next/image?url=%2Fimages%2Fproducts%2Fwelcome-package.webp&w=3840&q=75', 'https://partyondelivery.com/_next/image?url=%2Fimages%2Fproducts%2Fparty-essentials.webp&w=3840&q=75', 'https://partyondelivery.com/_next/image?url=%2Fimages%2Fproducts%2Fconcierge-service.webp&w=3840&q=75', 'https://partyondelivery.com/images/POD Logo 2025.svg']",[]
https://partyondelivery.com/partners/vacation-rentals,,crawl,200.0,https://partyondelivery.com,"W/""1692e3fe2bccc46adb04da0fd6d65d99""",text/html; charset=utf-8,"['https://partyondelivery.com/images/hero/lake-travis-sunset.webp', 'https://partyondelivery.com/_next/image?url=%2Fimages%2Fhero%2Fluxury-home-interior.webp&w=3840&q=75', 'https://partyondelivery.com/_next/image?url=%2Fimages%2Fproducts%2Fwelcome-package.webp&w=3840&q=75', 'https://partyondelivery.com/_next/image?url=%2Fimages%2Fproducts%2Fparty-essentials.webp&w=3840&q=75', 'https://partyondelivery.com/_next/image?url=%2Fimages%2Fproducts%2Fpremium-spirits-wall.webp&w=3840&q=75', 'https://partyondelivery.com/_next/image?url=%2Fimages%2Fproducts%2Fmixers-garnishes.webp&w=3840&q=75', 'https://partyondelivery.com/images/POD Logo 2025.svg']",[]
https://partyondelivery.com/blog/lake-travis-hidden-party-coves,,crawl,200.0,https://partyondelivery.com,,text/html; charset=utf-8,"['https://partyondelivery.com/images/hero/lake-travis-sunset.webp', 'https://partyondelivery.com/images/POD Logo 2025.svg', 'https://partyondelivery.com/_next/image?url=%2Fimages%2Fhero%2Flake-life-hero.webp&w=3840&q=75', 'https://partyondelivery.com/_next/image?url=%2Fimages%2Fgallery%2Fsunset-champagne-pontoon.webp&w=3840&q=75', 'https://partyondelivery.com/_next/image?url=%2Fimages%2Fhero%2Faustin-skyline-golden-hour.webp&w=3840&q=75', 'https://partyondelivery.com/_next/image?url=%2Fimages%2Fservices%2Fbach-parties%2Fbachelorette-champagne-tower.webp&w=3840&q=75']",[]
https://partyondelivery.com/products?collection=party-supplies,,crawl,200.0,https://partyondelivery.com/products,"W/""92acc1f33e8fc17f52229e32f256b1ea""",text/html; charset=utf-8,"['https://partyondelivery.com/images/products/premium-spirits-wall.webp', 'https://partyondelivery.com/images/POD Logo 2025.svg']",[]
https://partyondelivery.com/products?filter=mixers-na,,crawl,200.0,https://partyondelivery.com/products,"W/""92acc1f33e8fc17f52229e32f256b1ea""",text/html; charset=utf-8,"['https://partyondelivery.com/images/products/premium-spirits-wall.webp', 'https://partyondelivery.com/images/POD Logo 2025.svg']",[]
https://partyondelivery.com/products?collection=welcome-packages,,crawl,200.0,https://partyondelivery.com/products,"W/""92acc1f33e8fc17f52229e32f256b1ea""",text/html; charset=utf-8,"['https://partyondelivery.com/images/products/premium-spirits-wall.webp', 'https://partyondelivery.com/images/POD Logo 2025.svg']",[]
https://partyondelivery.com/products?filter=liquor,,crawl,200.0,https://partyondelivery.com/products,"W/""92acc1f33e8fc17f52229e32f256b1ea""",text/html; charset=utf-8,"['https://partyondelivery.com/images/products/premium-spirits-wall.webp', 'https://partyondelivery.com/images/POD Logo 2025.svg']",[]
